,R&D Spend,Administration,Marketing Spend,Profit,f0(x),ri1,y(j0),f1(x),ri2,y(j1),f2(x),ri3,y(j2),f3(x),ri4,y(j3),f4(x),ri5,y(j4),f5(x),ri6,y(j5),f6(x),ri7,y(j6),f7(x),ri8,y(j7),f8(x),ri9,y(j8),f9(x),ri10,y(j9),f10(x)
0,165.0,137.0,472.0,192.0,142.33333333333334,49.66666666666666,25.666666666666657,168.0,24.0,24.0,192.0,0.0,-6.0,186.0,6.0,6.0,192.0,0.0,-1.5,190.5,1.5,1.5,192.0,0.0,-0.375,191.625,0.375,0.375,192.0,0.0,0.09375,192.09375,-0.09375,-0.046875,192.046875
11,101.0,92.0,250.0,144.0,142.33333333333334,1.6666666666666572,25.666666666666657,168.0,-24.0,-12.0,156.0,-12.0,-6.0,150.0,-6.0,-3.0,147.0,-3.0,-1.5,145.5,-1.5,-0.75,144.75,-0.75,-0.375,144.375,-0.375,-0.1875,144.1875,-0.1875,-0.1875,144.0,0.0,-0.046875,143.953125
36,29.0,127.0,201.0,91.0,142.33333333333334,-51.33333333333334,-51.33333333333334,91.0,0.0,-12.0,79.0,12.0,12.0,91.0,0.0,-3.0,88.0,3.0,3.0,91.0,0.0,-0.75,90.25,0.75,0.75,91.0,0.0,-0.1875,90.8125,0.1875,0.09375,90.90625,0.09375,0.09375,91.0
